{
  "num_samples": 10,
  "aggregated_scores": {
    "BLEU-1": {
      "mean": 0.21011264956330664,
      "median": 0.2503253090435914,
      "std": 0.09989443918434966,
      "min": 0.0703125,
      "max": 0.3166666666666666,
      "count": 10
    },
    "BLEU-2": {
      "mean": 0.1172492898804807,
      "median": 0.10615097848553941,
      "std": 0.0731650404841016,
      "min": 0.023529592692680946,
      "max": 0.23167286501483247,
      "count": 10
    },
    "BLEU-3": {
      "mean": 0.07020610297387733,
      "median": 0.052833664765531606,
      "std": 0.06091237077636512,
      "min": 0.007602435739508694,
      "max": 0.17707525066410354,
      "count": 10
    },
    "BLEU-4": {
      "mean": 0.045059902474533696,
      "median": 0.019230393600579623,
      "std": 0.048990928504523905,
      "min": 0.004329991713023459,
      "max": 0.14049623390698454,
      "count": 10
    },
    "ROUGE-L-P": {
      "mean": 0.18644415547712873,
      "median": 0.17656449553001277,
      "std": 0.10671343567580596,
      "min": 0.04504504504504504,
      "max": 0.3333333333333333,
      "count": 10
    },
    "ROUGE-L-R": {
      "mean": 0.419116817421771,
      "median": 0.43186274509803924,
      "std": 0.13705837267444806,
      "min": 0.23214285714285715,
      "max": 0.6111111111111112,
      "count": 10
    },
    "ROUGE-L-F1": {
      "mean": 0.24750864238053763,
      "median": 0.23196640316205533,
      "std": 0.12390955124870982,
      "min": 0.07692307692307693,
      "max": 0.3888888888888889,
      "count": 10
    },
    "BERTScore-P": {
      "mean": 0.5458503156900406,
      "median": 0.5555829107761383,
      "std": 0.10336574883786952,
      "min": 0.41259604692459106,
      "max": 0.7039351463317871,
      "count": 10
    },
    "BERTScore-R": {
      "mean": 0.6401914238929749,
      "median": 0.674615353345871,
      "std": 0.09626473663876792,
      "min": 0.5120068788528442,
      "max": 0.7700677514076233,
      "count": 10
    },
    "BERTScore-F1": {
      "mean": 0.5882945120334625,
      "median": 0.6061201989650726,
      "std": 0.09886685172538594,
      "min": 0.4577154219150543,
      "max": 0.720409095287323,
      "count": 10
    }
  },
  "detailed_results": [
    {
      "timestamp": "00:00:00",
      "scores": {
        "BLEU-1": 0.29310344827586204,
        "BLEU-2": 0.11288767951334217,
        "BLEU-3": 0.04817215556269876,
        "BLEU-4": 0.017734847127202236,
        "ROUGE-L-P": 0.23275862068965517,
        "ROUGE-L-R": 0.39705882352941174,
        "ROUGE-L-F1": 0.2934782608695652,
        "BERTScore-P": 0.6299299001693726,
        "BERTScore-R": 0.7145476341247559,
        "BERTScore-F1": 0.6695759296417236
      }
    },
    {
      "timestamp": "00:00:05",
      "scores": {
        "BLEU-1": 0.20754716981132076,
        "BLEU-2": 0.09941427745773665,
        "BLEU-3": 0.057495173968364455,
        "BLEU-4": 0.02072594007395701,
        "ROUGE-L-P": 0.12037037037037036,
        "ROUGE-L-R": 0.23214285714285715,
        "ROUGE-L-F1": 0.15853658536585366,
        "BERTScore-P": 0.5069311261177063,
        "BERTScore-R": 0.5372975468635559,
        "BERTScore-F1": 0.521672785282135
      }
    },
    {
      "timestamp": "00:00:19",
      "scores": {
        "BLEU-1": 0.3103448275862069,
        "BLEU-2": 0.21055872190307892,
        "BLEU-3": 0.14864064037222122,
        "BLEU-4": 0.10601317434781207,
        "ROUGE-L-P": 0.3103448275862069,
        "ROUGE-L-R": 0.5,
        "ROUGE-L-F1": 0.3829787234042554,
        "BERTScore-P": 0.6199357509613037,
        "BERTScore-R": 0.6837496757507324,
        "BERTScore-F1": 0.6502808928489685
      }
    },
    {
      "timestamp": "00:00:26",
      "scores": {
        "BLEU-1": 0.3023255813953489,
        "BLEU-2": 0.1469512993660895,
        "BLEU-3": 0.08075839294746934,
        "BLEU-4": 0.033874723051577064,
        "ROUGE-L-P": 0.3333333333333333,
        "ROUGE-L-R": 0.4666666666666667,
        "ROUGE-L-F1": 0.3888888888888889,
        "BERTScore-P": 0.7039351463317871,
        "BERTScore-R": 0.737672746181488,
        "BERTScore-F1": 0.720409095287323
      }
    },
    {
      "timestamp": "00:00:31",
      "scores": {
        "BLEU-1": 0.13432835820895522,
        "BLEU-2": 0.06380091150886703,
        "BLEU-3": 0.01843232573929593,
        "BLEU-4": 0.0099458088695389,
        "ROUGE-L-P": 0.10294117647058823,
        "ROUGE-L-R": 0.25925925925925924,
        "ROUGE-L-F1": 0.14736842105263157,
        "BERTScore-P": 0.42729902267456055,
        "BERTScore-R": 0.5173614621162415,
        "BERTScore-F1": 0.46803703904151917
      }
    },
    {
      "timestamp": "00:00:42",
      "scores": {
        "BLEU-1": 0.0703125,
        "BLEU-2": 0.023529592692680946,
        "BLEU-3": 0.007602435739508694,
        "BLEU-4": 0.004329991713023459,
        "ROUGE-L-P": 0.05426356589147287,
        "ROUGE-L-R": 0.3181818181818182,
        "ROUGE-L-F1": 0.09271523178807947,
        "BERTScore-P": 0.41259604692459106,
        "BERTScore-R": 0.542454183101654,
        "BERTScore-F1": 0.4686967134475708
      }
    },
    {
      "timestamp": "00:01:17",
      "scores": {
        "BLEU-1": 0.07339449541284404,
        "BLEU-2": 0.03686675090728874,
        "BLEU-3": 0.010830004835011902,
        "BLEU-4": 0.005883625500167045,
        "ROUGE-L-P": 0.04504504504504504,
        "ROUGE-L-R": 0.2631578947368421,
        "ROUGE-L-F1": 0.07692307692307693,
        "BERTScore-P": 0.41383394598960876,
        "BERTScore-R": 0.5120068788528442,
        "BERTScore-F1": 0.4577154219150543
      }
    },
    {
      "timestamp": "00:01:41",
      "scores": {
        "BLEU-1": 0.29310344827586204,
        "BLEU-2": 0.20193962017123468,
        "BLEU-3": 0.14197419076030954,
        "BLEU-4": 0.10607912814722607,
        "ROUGE-L-P": 0.28205128205128205,
        "ROUGE-L-R": 0.6111111111111112,
        "ROUGE-L-F1": 0.38596491228070173,
        "BERTScore-P": 0.6534978151321411,
        "BERTScore-R": 0.7700677514076233,
        "BERTScore-F1": 0.70701003074646
      }
    },
    {
      "timestamp": "00:02:41",
      "scores": {
        "BLEU-1": 0.10000000000000002,
        "BLEU-2": 0.04487118026965578,
        "BLEU-3": 0.01108045914979009,
        "BLEU-4": 0.005515552007848583,
        "ROUGE-L-P": 0.1,
        "ROUGE-L-R": 0.5769230769230769,
        "ROUGE-L-F1": 0.17045454545454547,
        "BERTScore-P": 0.4863097071647644,
        "BERTScore-R": 0.6654810309410095,
        "BERTScore-F1": 0.5619595050811768
      }
    },
    {
      "timestamp": "00:03:14",
      "scores": {
        "BLEU-1": 0.3166666666666666,
        "BLEU-2": 0.23167286501483247,
        "BLEU-3": 0.17707525066410354,
        "BLEU-4": 0.14049623390698454,
        "ROUGE-L-P": 0.2833333333333333,
        "ROUGE-L-R": 0.5666666666666667,
        "ROUGE-L-F1": 0.3777777777777777,
        "BERTScore-P": 0.6042346954345703,
        "BERTScore-R": 0.7212753295898438,
        "BERTScore-F1": 0.6575877070426941
      }
    }
  ],
  "summary": {
    "BLEU-4_mean": 0.045059902474533696,
    "ROUGE-L-F1_mean": 0.24750864238053763,
    "BERTScore-F1_mean": 0.5882945120334625
  }
}